sample	read_technology	aligner	preset	configuration	statistics_file	raw_total_sequences	reads_mapped	reads_unmapped	mapped_reads_percent	total_length	bases_mapped	bases_mapped_cigar	mapped_bases_percent	mismatches	error_rate	error_percent	insertions	deletions	average_length	maximum_length	non_primary_alignments	reads_mq0	supplementary_alignments	threads	samtools_version	reads_mq0_percent	secondary_alignments_per_100_mapped_reads	supplementary_alignments_per_100_mapped_reads	wallclock_runtime_hms	wallclock_runtime_seconds	wallclock_runtime_hours	wallclock_runtime_source_log	vacmap_internal_runtime_hms	vacmap_internal_runtime_seconds	vacmap_internal_runtime_hours	vacmap_internal_runtime_source_log	runtime_configuration	cpu_time_seconds	peak_ram_gb
HG002	ONT	minimap2	map-ont	mm2-ont	samtools_stats_30x_Christian/HG002_ont_30x.hg38.mm2-ont.cram.stats.SN.txt	5203769	5118735	85034	98.3659	94189961259	94097151347	93672651095	99.9015	3023080751	0.03227282	3.2273			18100.0	1316343	1689872	22248	423684	64	1.24	0.4346386363036961	33.01346914813914	8.277123156404855	02:29:57	8996.708	2.499085555555556	mm2.run_metrics.tsv					mm2-ont	507928.011	37.653
HG002	ONT	pbmm2	SUBREAD	pbmm2-ont	samtools_stats_30x_Christian/HG002_ont_30x.hg38.pbmm2-ont.cram.stats.SN.txt	5203769	5108067	95702	98.1609	94189961259	94039378623	93060440064	99.8401	2714103858	0.02916496	2.9165			18100.0	1316343	0	19925	452451	64	1.24	0.3900692766950785	0.0	8.857577631616813	01:44:00	6240	1.733333333333	alignment_analysis/logs/Logs_files_pbmm2/HG002.ont.30x.hg38.pbmm2-ont.cram.log					pbmm2-ont	288000	67.138
HG002	ONT	VACmap	vacmap-ont	vacmap-ont	samtools_stats_30x_Christian/vacmap_vg_stats/HG002.ont.30x.hg38.vacmap-ont.cram.stats	5059858	5059858	0	100.0	93627269049	93627269049	92300240225	100.0	1656074371	0.01794225	1.7942			18504.0	1316343	0	86635	4167631	16	1.24	1.7122022001407944	0.0	82.36656048450371	13:55:16	50116.0	13.921111111111111	alignment_analysis/logs/logs_VG_VACmap/HG002.ont.30x.hg38.vacmap-ont.map_sort.log	12:35:45	45345.0	12.595833333333331	alignment_analysis/logs/logs_VG_VACmap/HG002.ont.30x.hg38.vacmap-ont.map_sort.log			
HG002	ONT	VG Giraffe	vg-ont	vg-ont	samtools_stats_30x_Christian/vacmap_vg_stats/HG002.ont.30x.hg38.vg-ont.cram.stats	5203769	4917366	286403	94.4962	94189961259	89507090889	86681314674	95.0283	2002497278	0.02310183	2.3102			18100.0	1316343	0	28282	0	16	1.24	0.5751453115346712	0.0	0.0	03:26:23	12383.0	3.439722222222222	alignment_analysis/logs/logs_VG_VACmap/HG002.ont.30x.hg38.vg-ont.map_sort.log							
HG002	PacBio	minimap2	map-hifi	mm2-pb	samtools_stats_30x_Christian/HG002_pb_30x.hg38.mm2-pb.cram.stats.SN.txt	6736453	6719594	16859	99.7497	94336001094	94164369675	94078039439	99.8181	1309235275	0.01391648	1.3916			14004.0	51415	1552619	10300	242071	64	1.24	0.153283070375978	23.105845382920457	3.602464672716834	01:07:09	4029.433	1.1192869444444444	mm2.run_metrics.tsv					mm2-pb	185504.353	41.785
HG002	PacBio	pbmm2	CCS	pbmm2-pb	samtools_stats_30x_Christian/HG002_pb_30x.hg38.pbmm2-pb.cram.stats.SN.txt	6736453	6733791	2662	99.9605	94336001094	94310552692	93857101555	99.973	1143804337	0.01218666	1.2187			14004.0	51415	0	10380	353403	64	1.24	0.1541479383604272	0.0	5.248202684045287											
HG002	PacBio	VACmap	vacmap-pb	vacmap-pb	samtools_stats_30x_Christian/vacmap_vg_stats/HG002.pb.30x.hg38.vacmap-pb.cram.stats	6701060	6701060	0	100.0	93937282132	93937282132	93724543203	100.0	650022117	0.00693545	0.6935			14018.0	51415	0	86715	2935653	16	1.24	1.2940490012027948	0.0	43.8087854757307	09:30:57	34257.0	9.515833333333331	alignment_analysis/logs/logs_VG_VACmap/HG002.pb.30x.hg38.vacmap-pb.map_sort.log	09:00:14	32414.0	9.00388888888889	alignment_analysis/logs/logs_VG_VACmap/HG002.pb.30x.hg38.vacmap-pb.map_sort.log			
HG002	PacBio	VG Giraffe	vg-pb	vg-pb	samtools_stats_30x_Christian/vacmap_vg_stats/HG002.pb.30x.hg38.vg-pb.cram.stats	6736453	6714908	21545	99.6802	94336001094	94086662461	93392245219	99.7357	999901444	0.01070647	1.0706			14003.0	51415	0	31806	0	16	1.24	0.4736624835366322	0.0	0.0	03:48:05	13685.0	3.801388888888889	alignment_analysis/logs/logs_VG_VACmap/HG002.pb.30x.hg38.vg-pb.map_sort.log							
HG003	ONT	minimap2	map-ont	mm2-ont	samtools_stats_30x_Christian/HG003_ont_30x.hg38.mm2-ont.cram.stats.SN.txt	6938685	6534420	404265	94.1738	94906798668	94643907161	94296387842	99.723	2647718996	0.02807869	2.8079			13678.0	1365688	2209813	62459	564497	64	1.24	0.9558461194719654	33.81804352949459	8.638823338567157	02:32:20	9139.646	2.538790555555556	mm2.run_metrics.tsv					mm2-ont	521136.819	36.486
HG003	ONT	pbmm2	SUBREAD	pbmm2-ont	samtools_stats_30x_Christian/HG003_ont_30x.hg38.pbmm2-ont.cram.stats.SN.txt	6938685	6509045	429640	93.808	94906798668	94557542126	93653338869	99.632	2331047806	0.02489017	2.489			13678.0	1365688	0	54901	579684	64	1.24	0.8434570662823808	0.0	8.905822589949832	01:37:00	5820	1.616666666667	alignment_analysis/logs/Logs_files_pbmm2/HG003.ont.30x.hg38.pbmm2-ont.cram.log					pbmm2-ont	262800	62.660
HG003	ONT	VACmap	vacmap-ont	vacmap-ont	samtools_stats_30x_Christian/vacmap_vg_stats/HG003.ont.30x.hg38.vacmap-ont.cram.stats	6428625	6428625	0	100.0	94171462471	94171462471	93096950059	100.0	1379388723	0.01481669	1.4817			14649.0	1365688	0	127832	4114801	16	1.24	1.988481207101052	0.0	64.00748215987089	13:53:52	50032.0	13.897777777777778	alignment_analysis/logs/logs_VG_VACmap/HG003.ont.30x.hg38.vacmap-ont.map_sort.log	12:42:00	45720.0	12.7	alignment_analysis/logs/logs_VG_VACmap/HG003.ont.30x.hg38.vacmap-ont.map_sort.log			
HG003	ONT	VG Giraffe	vg-ont	vg-ont	samtools_stats_30x_Christian/vacmap_vg_stats/HG003.ont.30x.hg38.vg-ont.cram.stats	6938685	6439363	499322	92.8038	94906798668	90452716036	87970816405	95.3069	1775550287	0.0201834	2.0183			13677.0	1365688	0	118442	0	16	1.24	1.839343425739472	0.0	0.0	04:27:38	16058.0	4.460555555555556	alignment_analysis/logs/logs_VG_VACmap/HG003.ont.30x.hg38.vg-ont.map_sort.log							
HG003	PacBio	minimap2	map-hifi	mm2-pb	samtools_stats_30x_Christian/HG003_pb_30x.hg38.mm2-pb.cram.stats.SN.txt	6621583	6607336	14247	99.7848	93293694245	93143250746	93073206292	99.8387	1250359813	0.01343415	1.3434			14089.0	49762	1471627	9259	251272	64	1.24	0.1401321198134921	22.27262243058322	3.802924506941981											
HG003	PacBio	pbmm2	CCS	pbmm2-pb	samtools_stats_30x_Christian/HG003_pb_30x.hg38.pbmm2-pb.cram.stats.SN.txt	6621583	6619070	2513	99.962	93293694245	93268858653	92847445611	99.9734	1095509707	0.01179903	1.1799			14089.0	49762	0	9379	351521	64	1.24	0.1416966431840122	0.0	5.310730963715447	01:32:00	5520	1.533333333333	alignment_analysis/logs/Logs_files_pbmm2/HG003.pb.30x.hg38.pbmm2-pb.cram.log					pbmm2-pb	273600	59.809
HG003	PacBio	VACmap	vacmap-pb	vacmap-pb	samtools_stats_30x_Christian/vacmap_vg_stats/HG003.pb.30x.hg38.vacmap-pb.cram.stats	6590883	6590883	0	100.0	92941941630	92941941630	92734592987	100.0	644784006	0.006953	0.6953			14102.0	49762	0	81763	2772887	16	1.24	1.240546979820458	0.0	42.07155551084733	09:11:59	33119.0	9.199722222222222	alignment_analysis/logs/logs_VG_VACmap/HG003.pb.30x.hg38.vacmap-pb.map_sort.log	08:42:19	31339.0	8.705277777777777	alignment_analysis/logs/logs_VG_VACmap/HG003.pb.30x.hg38.vacmap-pb.map_sort.log			
HG003	PacBio	VG Giraffe	vg-pb	vg-pb	samtools_stats_30x_Christian/vacmap_vg_stats/HG003.pb.30x.hg38.vg-pb.cram.stats	6621583	6602757	18826	99.7157	93293694245	93070386820	92386682869	99.7606	977409807	0.01057955	1.058			14089.0	49762	0	28591	0	16	1.24	0.4330160870678718	0.0	0.0	03:36:24	12984.0	3.6066666666666665	alignment_analysis/logs/logs_VG_VACmap/HG003.pb.30x.hg38.vg-pb.map_sort.log							
HG004	ONT	minimap2	map-ont	mm2-ont	samtools_stats_30x_Christian/HG004_ont_30x.hg38.mm2-ont.cram.stats.SN.txt	7046468	6741526	304942	95.6724	93459874103	93244324332	92835949268	99.7694	2621022211	0.02823284	2.8233			13263.0	1700750	2005935	58199	442022	64	1.24	0.8632911895615325	29.7549100900894	6.556705410614748	02:22:32	8551.642	2.375456111111111	mm2.run_metrics.tsv					mm2-ont	487589.139	38.123
HG004	ONT	pbmm2	SUBREAD	pbmm2-ont	samtools_stats_30x_Christian/HG004_ont_30x.hg38.pbmm2-ont.cram.stats.SN.txt	7046468	6718367	328101	95.3438	93459874103	93162323710	92288524529	99.6816	2325377914	0.02519682	2.5197			13263.0	1700750	0	52433	513189	64	1.24	0.7804426283946679	0.0	7.638597296039349	01:29:00	5340	1.483333333333	alignment_analysis/logs/Logs_files_pbmm2/HG004.ont.30x.hg38.pbmm2-ont.cram.log					pbmm2-ont	255600	63.992
HG004	ONT	VACmap	vacmap-ont	vacmap-ont	samtools_stats_30x_Christian/vacmap_vg_stats/HG004.ont.30x.hg38.vacmap-ont.cram.stats	6630815	6630815	0	100.0	92775444750	92775444750	91682370246	100.0	1356167535	0.01479202	1.4792			13992.0	1334475	0	111031	3979871	16	1.24	1.6744698803993172	0.0	60.02084208351462	13:24:47	48287.0	13.413055555555555	alignment_analysis/logs/logs_VG_VACmap/HG004.ont.30x.hg38.vacmap-ont.map_sort.log	12:15:16	44116.0	12.254444444444443	alignment_analysis/logs/logs_VG_VACmap/HG004.ont.30x.hg38.vacmap-ont.map_sort.log			
HG004	ONT	VG Giraffe	vg-ont	vg-ont	samtools_stats_30x_Christian/vacmap_vg_stats/HG004.ont.30x.hg38.vg-ont.cram.stats	7046468	6616356	430112	93.8961	93459874103	89347659978	87357823095	95.6	1782054868	0.02039949	2.0399			13263.0	1700750	0	94928	0	16	1.24	1.4347474652210372	0.0	0.0	04:48:21	17301.0	4.805833333333333	alignment_analysis/logs/logs_VG_VACmap/HG004.ont.30x.hg38.vg-ont.map_sort.log							
HG004	PacBio	minimap2	map-hifi	mm2-pb	samtools_stats_30x_Christian/HG004_pb_30x.hg38.mm2-pb.cram.stats.SN.txt	6491546	6477717	13829	99.787	93684058210	93543426134	93484009557	99.8499	1192442444	0.01275558	1.2756			14432.0	46029	1257655	9167	227070	64	1.24	0.141515907533472	19.415096398931908	3.5054016716074505											
HG004	PacBio	pbmm2	CCS	pbmm2-pb	samtools_stats_30x_Christian/HG004_pb_30x.hg38.pbmm2-pb.cram.stats.SN.txt	6491546	6489571	1975	99.9696	93684058210	93665424495	93277553639	99.9801	1057309585	0.01133509	1.1335			14432.0	46029	0	9274	328462	64	1.24	0.1429062105954307	0.0	5.06138233174427	01:23:00	4980	1.383333333333	alignment_analysis/logs/Logs_files_pbmm2/HG004.pb.30x.hg38.pbmm2-pb.cram.log					pbmm2-pb	234000	60.409
HG004	PacBio	VACmap	vacmap-pb	vacmap-pb	samtools_stats_30x_Christian/vacmap_vg_stats/HG004.pb.30x.hg38.vacmap-pb.cram.stats	6465579	6465579	0	100.0	93391532444	93391532444	93234395565	100.0	595946684	0.00639192	0.6392			14444.0	46029	0	65151	2768002	16	1.24	1.0076591748395618	0.0	42.81135533260053	08:55:37	32137.0	8.926944444444445	alignment_analysis/logs/logs_VG_VACmap/HG004.pb.30x.hg38.vacmap-pb.map_sort.log	08:23:19	30199.0	8.38861111111111	alignment_analysis/logs/logs_VG_VACmap/HG004.pb.30x.hg38.vacmap-pb.map_sort.log			
HG004	PacBio	VG Giraffe	vg-pb	vg-pb	samtools_stats_30x_Christian/vacmap_vg_stats/HG004.pb.30x.hg38.vg-pb.cram.stats	6491546	6474250	17296	99.7336	93684058210	93479245879	92825159183	99.7814	933595539	0.01005757	1.0058			14431.0	46029	0	20138	0	16	1.24	0.311047611692474	0.0	0.0	03:22:11	12131.0	3.3697222222222223	alignment_analysis/logs/logs_VG_VACmap/HG004.pb.30x.hg38.vg-pb.map_sort.log							
