sample	read_technology	coverage	dataset	reference	aligner	preset	mapper_tag	configuration	statistics_file	cram_file	raw_total_sequences	reads_mapped	reads_unmapped	mapped_reads_percent	reads_mq0	reads_mq0_percent	mapq_mean	mapq_median	secondary_alignments	secondary_alignments_per_100_mapped_reads	supplementary_alignments	supplementary_alignments_per_100_mapped_reads	total_length	bases_mapped	bases_mapped_cigar	mapped_bases_percent	mismatches	error_rate	error_percent	insertion_events	deletion_events	inserted_bases	deleted_bases	insertion_events_per_100kb	deletion_events_per_100kb	soft_clipped_bases	soft_clipped_percent	average_length	maximum_length	mean_coverage	median_coverage	breadth_1x_percent	breadth_10x_percent	breadth_20x_percent	breadth_30x_percent	runtime_seconds	peak_ram_mb	threads	aligner_version	samtools_version	aligner_docker_image	samtools_docker_image	metrics_complete	missing_metrics
HG002	ONT	1k	HG002.ont.1k	hg38	VACMap	vacmap-ont	vacmap-ont	vacmap-ont	cram/HG002.ont.1k.hg38.vacmap-ont.cram.stats	cram/HG002.ont.1k.hg38.vacmap-ont.cram	996	996	0	100	173	17.369478	39.968876	60	0	0	1890	189.759036	18636662	18636662	18421180	100	344115	0.01868	1.86804	43150	68146	67870	138630	234.241238	369.932871	NA	NA	18712	315783	NA	NA	NA	NA	NA	NA	NA	NA	16	NA	NA	NA	NA	NO	soft_clipped_bases,soft_clipped_percent,mean_coverage,median_coverage,breadth_1x_percent,breadth_10x_percent,breadth_20x_percent,breadth_30x_percent,runtime_seconds,peak_ram_mb,aligner_version,samtools_version,aligner_docker_image,samtools_docker_image
HG002	ONT	30x	HG002.ont.30x	hg38	minimap2	map-ont	mm2-ont	mm2-ont	samtools_stats_30x_Christian/HG002_ont_30x.hg38.mm2-ont.cram.stats.SN.txt	NA	5203769	5118735	85034	98.365915	22248	0.434639	NA	NA	1689872	33.013469	423684	8.277123	94189961259	94097151347	93672651095	99.901465	3023080751	0.032273	3.227282	NA	NA	NA	NA	NA	NA	NA	NA	18100	1316343	NA	NA	NA	NA	NA	NA	8996.708	38556.672	64	NA	NA	NA	NA	NO	mapq_mean,mapq_median,insertion_events,deletion_events,inserted_bases,deleted_bases,insertion_events_per_100kb,deletion_events_per_100kb,soft_clipped_bases,soft_clipped_percent,mean_coverage,median_coverage,breadth_1x_percent,breadth_10x_percent,breadth_20x_percent,breadth_30x_percent,aligner_version,samtools_version,aligner_docker_image,samtools_docker_image
HG002	ONT	30x	HG002.ont.30x	hg38	pbmm2	SUBREAD	pbmm2-ont	pbmm2-ont	samtools_stats_30x_Christian/HG002_ont_30x.hg38.pbmm2-ont.cram.stats.SN.txt	NA	5203769	5108067	95702	98.16091	19925	0.390069	NA	NA	0	0	452451	8.857578	94189961259	94039378623	93060440064	99.840129	2714103858	0.029165	2.916496	NA	NA	NA	NA	NA	NA	NA	NA	18100	1316343	NA	NA	NA	NA	NA	NA	NA	NA	64	NA	NA	NA	NA	NO	mapq_mean,mapq_median,insertion_events,deletion_events,inserted_bases,deleted_bases,insertion_events_per_100kb,deletion_events_per_100kb,soft_clipped_bases,soft_clipped_percent,mean_coverage,median_coverage,breadth_1x_percent,breadth_10x_percent,breadth_20x_percent,breadth_30x_percent,runtime_seconds,peak_ram_mb,aligner_version,samtools_version,aligner_docker_image,samtools_docker_image
HG002	ONT	30x	HG002.ont.30x	hg38	VACMap	vacmap-ont	vacmap-ont	vacmap-ont	cram/HG002.ont.30x.hg38.vacmap-ont.cram.stats	cram/HG002.ont.30x.hg38.vacmap-ont.cram	5059858	5059858	0	100	86635	1.712202	58.200911	60	0	0	4167631	82.36656	93627269049	93627269049	92300240225	100	1656074371	0.017942	1.794225	190143603	267752961	323847395	498263131	206.005534	290.089127	NA	NA	18504	1316343	NA	NA	NA	NA	NA	NA	NA	NA	16	NA	NA	NA	NA	NO	soft_clipped_bases,soft_clipped_percent,mean_coverage,median_coverage,breadth_1x_percent,breadth_10x_percent,breadth_20x_percent,breadth_30x_percent,runtime_seconds,peak_ram_mb,aligner_version,samtools_version,aligner_docker_image,samtools_docker_image
HG002	ONT	30x	HG002.ont.30x	hg38	VG Giraffe	vg-ont	vg-ont	vg-ont	cram/HG002.ont.30x.hg38.vg-ont.cram.stats	cram/HG002.ont.30x.hg38.vg-ont.cram	5203769	4917366	286403	94.496239	28282	0.575145	NA	NA	0	0	0	0	94189961259	89507090889	86681314674	95.02827	2002497278	0.023102	2.310183	168524998	221826502	382641470	483178167	194.419061	255.910403	NA	NA	18100	1316343	NA	NA	NA	NA	NA	NA	NA	NA	16	NA	NA	NA	NA	NO	mapq_mean,mapq_median,soft_clipped_bases,soft_clipped_percent,mean_coverage,median_coverage,breadth_1x_percent,breadth_10x_percent,breadth_20x_percent,breadth_30x_percent,runtime_seconds,peak_ram_mb,aligner_version,samtools_version,aligner_docker_image,samtools_docker_image
HG002	PacBio	1k	HG002.pb.1k	hg38	pbmm2	CCS/HIFI	pbmm2-pb	pbmm2-pb	alignment_analysis/tables/HG002.pb.1k.pbmm2-ccs.samtools_stats.txt	NA	1000	1000	0	100	48	4.8	36.41	51	0	0	117	11.7	13469698	13469698	13387151	100	171472	0.012809	1.28087	10984	9343	45375	24013	82.048824	69.790802	NA	NA	13470	32674	NA	NA	NA	NA	NA	NA	NA	NA	64	NA	NA	NA	NA	NO	soft_clipped_bases,soft_clipped_percent,mean_coverage,median_coverage,breadth_1x_percent,breadth_10x_percent,breadth_20x_percent,breadth_30x_percent,runtime_seconds,peak_ram_mb,aligner_version,samtools_version,aligner_docker_image,samtools_docker_image
HG002	PacBio	1k	HG002.pb.1k	hg38	VACMap	vacmap-pb	vacmap-pb	vacmap-pb	cram/HG002.pb.1k.hg38.vacmap-pb.cram.stats	cram/HG002.pb.1k.hg38.vacmap-pb.cram	1000	1000	0	100	218	21.8	41.318	60	0	0	483	48.3	13469698	13469698	13414690	100	61744	0.004603	0.460272	10600	10340	14826	17572	79.017853	77.079679	NA	NA	13470	32674	NA	NA	NA	NA	NA	NA	NA	NA	16	NA	NA	NA	NA	NO	soft_clipped_bases,soft_clipped_percent,mean_coverage,median_coverage,breadth_1x_percent,breadth_10x_percent,breadth_20x_percent,breadth_30x_percent,runtime_seconds,peak_ram_mb,aligner_version,samtools_version,aligner_docker_image,samtools_docker_image
HG002	PacBio	30x	HG002.pb.30x	hg38	minimap2	map-hifi	mm2-pb	mm2-pb	samtools_stats_30x_Christian/HG002_pb_30x.hg38.mm2-pb.cram.stats.SN.txt	NA	6736453	6719594	16859	99.749735	10300	0.153283	NA	NA	1552619	23.105845	242071	3.602465	94336001094	94164369675	94078039439	99.818064	1309235275	0.013916	1.391648	77100083	62970213	180173202	173210959	81.953327	66.934019	NA	NA	14004	51415	NA	NA	NA	NA	NA	NA	4029.433	42787.84	64	NA	NA	NA	NA	NO	mapq_mean,mapq_median,insertion_events,deletion_events,inserted_bases,deleted_bases,insertion_events_per_100kb,deletion_events_per_100kb,soft_clipped_bases,soft_clipped_percent,mean_coverage,median_coverage,breadth_1x_percent,breadth_10x_percent,breadth_20x_percent,breadth_30x_percent,aligner_version,samtools_version,aligner_docker_image,samtools_docker_image
HG002	PacBio	30x	HG002.pb.30x	hg38	pbmm2	CCS/HIFI	pbmm2-pb	pbmm2-pb	samtools_stats_30x_Christian/HG002_pb_30x.hg38.pbmm2-pb.cram.stats.SN.txt	NA	6736453	6733791	2662	99.960484	10380	0.154148	NA	NA	0	0	353403	5.248203	94336001094	94310552692	93857101555	99.973024	1143804337	0.012187	1.218666	77025868	63109423	180779762	169860872	82.067171	67.239902	NA	NA	14004	51415	NA	NA	NA	NA	NA	NA	NA	NA	64	NA	NA	NA	NA	NO	mapq_mean,mapq_median,insertion_events,deletion_events,inserted_bases,deleted_bases,insertion_events_per_100kb,deletion_events_per_100kb,soft_clipped_bases,soft_clipped_percent,mean_coverage,median_coverage,breadth_1x_percent,breadth_10x_percent,breadth_20x_percent,breadth_30x_percent,runtime_seconds,peak_ram_mb,aligner_version,samtools_version,aligner_docker_image,samtools_docker_image
HG002	PacBio	30x	HG002.pb.30x	hg38	VACMap	vacmap-pb	vacmap-pb	vacmap-pb	cram/HG002.pb.30x.hg38.vacmap-pb.cram.stats	cram/HG002.pb.30x.hg38.vacmap-pb.cram	6701060	6701060	0	100	86715	1.294049	58.702994	60	0	0	2935653	43.808785	93937282132	93937282132	93724543203	100	650022117	0.006935	0.693545	76279800	63514981	117084194	126333328	81.38722	67.767715	NA	NA	14018	51415	NA	NA	NA	NA	NA	NA	NA	NA	16	NA	NA	NA	NA	NO	soft_clipped_bases,soft_clipped_percent,mean_coverage,median_coverage,breadth_1x_percent,breadth_10x_percent,breadth_20x_percent,breadth_30x_percent,runtime_seconds,peak_ram_mb,aligner_version,samtools_version,aligner_docker_image,samtools_docker_image
HG002	PacBio	30x	HG002.pb.30x	hg38	VG Giraffe	vg-pb	vg-pb	vg-pb	cram/HG002.pb.30x.hg38.vg-pb.cram.stats	cram/HG002.pb.30x.hg38.vg-pb.cram	6736453	6714908	21545	99.680173	31806	0.473662	NA	NA	0	0	0	0	94336001094	94086662461	93392245219	99.735691	999901444	0.010706	1.070647	81298202	67671196	211989171	192850378	87.05027	72.459117	NA	NA	14003	51415	NA	NA	NA	NA	NA	NA	NA	NA	16	NA	NA	NA	NA	NO	mapq_mean,mapq_median,soft_clipped_bases,soft_clipped_percent,mean_coverage,median_coverage,breadth_1x_percent,breadth_10x_percent,breadth_20x_percent,breadth_30x_percent,runtime_seconds,peak_ram_mb,aligner_version,samtools_version,aligner_docker_image,samtools_docker_image
HG003	ONT	1k	HG003.ont.1k	hg38	VACMap	vacmap-ont	vacmap-ont	vacmap-ont	cram/HG003.ont.1k.hg38.vacmap-ont.cram.stats	cram/HG003.ont.1k.hg38.vacmap-ont.cram	992	992	0	100	260	26.209677	30.090726	16	0	0	2141	215.826613	12802595	12802595	12652515	100	260375	0.020579	2.057891	27373	50885	41708	106993	216.344339	402.173007	NA	NA	12906	74299	NA	NA	NA	NA	NA	NA	NA	NA	16	NA	NA	NA	NA	NO	soft_clipped_bases,soft_clipped_percent,mean_coverage,median_coverage,breadth_1x_percent,breadth_10x_percent,breadth_20x_percent,breadth_30x_percent,runtime_seconds,peak_ram_mb,aligner_version,samtools_version,aligner_docker_image,samtools_docker_image
HG003	ONT	30x	HG003.ont.30x	hg38	minimap2	map-ont	mm2-ont	mm2-ont	samtools_stats_30x_Christian/HG003_ont_30x.hg38.mm2-ont.cram.stats.SN.txt	NA	6938685	6534420	404265	94.173752	62459	0.955846	NA	NA	2209813	33.818044	564497	8.638823	94906798668	94643907161	94296387842	99.723	2647718996	0.028079	2.807869	NA	NA	NA	NA	NA	NA	NA	NA	13678	1365688	NA	NA	NA	NA	NA	NA	9139.646	37361.664	64	NA	NA	NA	NA	NO	mapq_mean,mapq_median,insertion_events,deletion_events,inserted_bases,deleted_bases,insertion_events_per_100kb,deletion_events_per_100kb,soft_clipped_bases,soft_clipped_percent,mean_coverage,median_coverage,breadth_1x_percent,breadth_10x_percent,breadth_20x_percent,breadth_30x_percent,aligner_version,samtools_version,aligner_docker_image,samtools_docker_image
HG003	ONT	30x	HG003.ont.30x	hg38	pbmm2	SUBREAD	pbmm2-ont	pbmm2-ont	samtools_stats_30x_Christian/HG003_ont_30x.hg38.pbmm2-ont.cram.stats.SN.txt	NA	6938685	6509045	429640	93.808049	54901	0.843457	NA	NA	0	0	579684	8.905823	94906798668	94557542126	93653338869	99.632001	2331047806	0.02489	2.489017	NA	NA	NA	NA	NA	NA	NA	NA	13678	1365688	NA	NA	NA	NA	NA	NA	NA	NA	64	NA	NA	NA	NA	NO	mapq_mean,mapq_median,insertion_events,deletion_events,inserted_bases,deleted_bases,insertion_events_per_100kb,deletion_events_per_100kb,soft_clipped_bases,soft_clipped_percent,mean_coverage,median_coverage,breadth_1x_percent,breadth_10x_percent,breadth_20x_percent,breadth_30x_percent,runtime_seconds,peak_ram_mb,aligner_version,samtools_version,aligner_docker_image,samtools_docker_image
HG003	ONT	30x	HG003.ont.30x	hg38	VACMap	vacmap-ont	vacmap-ont	vacmap-ont	cram/HG003.ont.30x.hg38.vacmap-ont.cram.stats	cram/HG003.ont.30x.hg38.vacmap-ont.cram	6428625	6428625	0	100	127832	1.988481	57.686916	60	0	0	4114801	64.007482	94171462471	94171462471	93096950059	100	1379388723	0.014817	1.481669	143924303	197448698	255471058	393409608	154.596153	212.08933	NA	NA	14649	1365688	NA	NA	NA	NA	NA	NA	NA	NA	16	NA	NA	NA	NA	NO	soft_clipped_bases,soft_clipped_percent,mean_coverage,median_coverage,breadth_1x_percent,breadth_10x_percent,breadth_20x_percent,breadth_30x_percent,runtime_seconds,peak_ram_mb,aligner_version,samtools_version,aligner_docker_image,samtools_docker_image
HG003	ONT	30x	HG003.ont.30x	hg38	VG Giraffe	vg-ont	vg-ont	vg-ont	cram/HG003.ont.30x.hg38.vg-ont.cram.stats	cram/HG003.ont.30x.hg38.vg-ont.cram	6938685	6439363	499322	92.803795	118442	1.839343	NA	NA	0	0	0	0	94906798668	90452716036	87970816405	95.306888	1775550287	0.020183	2.01834	128969664	165286778	315124787	377011524	146.605055	187.888194	NA	NA	13677	1365688	NA	NA	NA	NA	NA	NA	NA	NA	16	NA	NA	NA	NA	NO	mapq_mean,mapq_median,soft_clipped_bases,soft_clipped_percent,mean_coverage,median_coverage,breadth_1x_percent,breadth_10x_percent,breadth_20x_percent,breadth_30x_percent,runtime_seconds,peak_ram_mb,aligner_version,samtools_version,aligner_docker_image,samtools_docker_image
HG003	PacBio	1k	HG003.pb.1k	hg38	VACMap	vacmap-pb	vacmap-pb	vacmap-pb	cram/HG003.pb.1k.hg38.vacmap-pb.cram.stats	cram/HG003.pb.1k.hg38.vacmap-pb.cram	1000	1000	0	100	176	17.6	43.836	60	0	0	615	61.5	14032604	14032604	13975321	100	85215	0.006098	0.609753	11160	11109	16278	21549	79.855053	79.490124	NA	NA	14033	32907	NA	NA	NA	NA	NA	NA	NA	NA	16	NA	NA	NA	NA	NO	soft_clipped_bases,soft_clipped_percent,mean_coverage,median_coverage,breadth_1x_percent,breadth_10x_percent,breadth_20x_percent,breadth_30x_percent,runtime_seconds,peak_ram_mb,aligner_version,samtools_version,aligner_docker_image,samtools_docker_image
HG003	PacBio	30x	HG003.pb.30x	hg38	minimap2	map-hifi	mm2-pb	mm2-pb	samtools_stats_30x_Christian/HG003_pb_30x.hg38.mm2-pb.cram.stats.SN.txt	NA	6621583	6607336	14247	99.78484	9259	0.140132	NA	NA	1471627	22.272622	251272	3.802925	93293694245	93143250746	93073206292	99.838742	1250359813	0.013434	1.343415	73532063	65509216	172627319	173984294	79.004545	70.384613	NA	NA	14089	49762	NA	NA	NA	NA	NA	NA	NA	NA	64	NA	NA	NA	NA	NO	mapq_mean,mapq_median,insertion_events,deletion_events,inserted_bases,deleted_bases,insertion_events_per_100kb,deletion_events_per_100kb,soft_clipped_bases,soft_clipped_percent,mean_coverage,median_coverage,breadth_1x_percent,breadth_10x_percent,breadth_20x_percent,breadth_30x_percent,runtime_seconds,peak_ram_mb,aligner_version,samtools_version,aligner_docker_image,samtools_docker_image
HG003	PacBio	30x	HG003.pb.30x	hg38	pbmm2	CCS/HIFI	pbmm2-pb	pbmm2-pb	samtools_stats_30x_Christian/HG003_pb_30x.hg38.pbmm2-pb.cram.stats.SN.txt	NA	6621583	6619070	2513	99.962048	9379	0.141697	NA	NA	0	0	351521	5.310731	93293694245	93268858653	92847445611	99.973379	1095509707	0.011799	1.179903	73467898	65549210	172871559	169233332	79.127538	70.59883	NA	NA	14089	49762	NA	NA	NA	NA	NA	NA	NA	NA	64	NA	NA	NA	NA	NO	mapq_mean,mapq_median,insertion_events,deletion_events,inserted_bases,deleted_bases,insertion_events_per_100kb,deletion_events_per_100kb,soft_clipped_bases,soft_clipped_percent,mean_coverage,median_coverage,breadth_1x_percent,breadth_10x_percent,breadth_20x_percent,breadth_30x_percent,runtime_seconds,peak_ram_mb,aligner_version,samtools_version,aligner_docker_image,samtools_docker_image
HG003	PacBio	30x	HG003.pb.30x	hg38	VACMap	vacmap-pb	vacmap-pb	vacmap-pb	cram/HG003.pb.30x.hg38.vacmap-pb.cram.stats	cram/HG003.pb.30x.hg38.vacmap-pb.cram	6590883	6590883	0	100	81763	1.240547	58.755129	60	0	0	2772887	42.071556	92941941630	92941941630	92734592987	100	644784006	0.006953	0.6953	73087977	66277465	112245012	128274952	78.814145	71.470055	NA	NA	14102	49762	NA	NA	NA	NA	NA	NA	NA	NA	16	NA	NA	NA	NA	NO	soft_clipped_bases,soft_clipped_percent,mean_coverage,median_coverage,breadth_1x_percent,breadth_10x_percent,breadth_20x_percent,breadth_30x_percent,runtime_seconds,peak_ram_mb,aligner_version,samtools_version,aligner_docker_image,samtools_docker_image
HG003	PacBio	30x	HG003.pb.30x	hg38	VG Giraffe	vg-pb	vg-pb	vg-pb	cram/HG003.pb.30x.hg38.vg-pb.cram.stats	cram/HG003.pb.30x.hg38.vg-pb.cram	6621583	6602757	18826	99.715687	28591	0.433016	NA	NA	0	0	0	0	93293694245	93070386820	92386682869	99.76064	977409807	0.01058	1.057955	77525623	69743433	202077176	189799825	83.914284	75.490786	NA	NA	14089	49762	NA	NA	NA	NA	NA	NA	NA	NA	16	NA	NA	NA	NA	NO	mapq_mean,mapq_median,soft_clipped_bases,soft_clipped_percent,mean_coverage,median_coverage,breadth_1x_percent,breadth_10x_percent,breadth_20x_percent,breadth_30x_percent,runtime_seconds,peak_ram_mb,aligner_version,samtools_version,aligner_docker_image,samtools_docker_image
HG004	ONT	1k	HG004.ont.1k	hg38	VACMap	vacmap-ont	vacmap-ont	vacmap-ont	cram/HG004.ont.1k.hg38.vacmap-ont.cram.stats	cram/HG004.ont.1k.hg38.vacmap-ont.cram	990	990	0	100	290	29.292929	30.129293	20.5	0	0	1749	176.666667	13601071	13601071	13460945	100	236006	0.017533	1.753265	24580	42706	36943	95496	182.602336	317.258558	NA	NA	13738	78490	NA	NA	NA	NA	NA	NA	NA	NA	16	NA	NA	NA	NA	NO	soft_clipped_bases,soft_clipped_percent,mean_coverage,median_coverage,breadth_1x_percent,breadth_10x_percent,breadth_20x_percent,breadth_30x_percent,runtime_seconds,peak_ram_mb,aligner_version,samtools_version,aligner_docker_image,samtools_docker_image
HG004	ONT	30x	HG004.ont.30x	hg38	minimap2	map-ont	mm2-ont	mm2-ont	samtools_stats_30x_Christian/HG004_ont_30x.hg38.mm2-ont.cram.stats.SN.txt	NA	7046468	6741526	304942	95.672413	58199	0.863291	NA	NA	2005935	29.75491	442022	6.556705	93459874103	93244324332	92835949268	99.769367	2621022211	0.028233	2.823284	NA	NA	NA	NA	NA	NA	NA	NA	13263	1700750	NA	NA	NA	NA	NA	NA	8551.642	39037.952	64	NA	NA	NA	NA	NO	mapq_mean,mapq_median,insertion_events,deletion_events,inserted_bases,deleted_bases,insertion_events_per_100kb,deletion_events_per_100kb,soft_clipped_bases,soft_clipped_percent,mean_coverage,median_coverage,breadth_1x_percent,breadth_10x_percent,breadth_20x_percent,breadth_30x_percent,aligner_version,samtools_version,aligner_docker_image,samtools_docker_image
HG004	ONT	30x	HG004.ont.30x	hg38	pbmm2	SUBREAD	pbmm2-ont	pbmm2-ont	samtools_stats_30x_Christian/HG004_ont_30x.hg38.pbmm2-ont.cram.stats.SN.txt	NA	7046468	6718367	328101	95.343752	52433	0.780443	NA	NA	0	0	513189	7.638597	93459874103	93162323710	92288524529	99.681628	2325377914	0.025197	2.519682	NA	NA	NA	NA	NA	NA	NA	NA	13263	1700750	NA	NA	NA	NA	NA	NA	NA	NA	64	NA	NA	NA	NA	NO	mapq_mean,mapq_median,insertion_events,deletion_events,inserted_bases,deleted_bases,insertion_events_per_100kb,deletion_events_per_100kb,soft_clipped_bases,soft_clipped_percent,mean_coverage,median_coverage,breadth_1x_percent,breadth_10x_percent,breadth_20x_percent,breadth_30x_percent,runtime_seconds,peak_ram_mb,aligner_version,samtools_version,aligner_docker_image,samtools_docker_image
HG004	ONT	30x	HG004.ont.30x	hg38	VACMap	vacmap-ont	vacmap-ont	vacmap-ont	cram/HG004.ont.30x.hg38.vacmap-ont.cram.stats	cram/HG004.ont.30x.hg38.vacmap-ont.cram	6630815	6630815	0	100	111031	1.67447	58.019726	60	0	0	3979871	60.020842	92775444750	92775444750	91682370246	100	1356167535	0.014792	1.479202	148141306	206070162	260149321	411639096	161.581017	224.765308	NA	NA	13992	1334475	NA	NA	NA	NA	NA	NA	NA	NA	16	NA	NA	NA	NA	NO	soft_clipped_bases,soft_clipped_percent,mean_coverage,median_coverage,breadth_1x_percent,breadth_10x_percent,breadth_20x_percent,breadth_30x_percent,runtime_seconds,peak_ram_mb,aligner_version,samtools_version,aligner_docker_image,samtools_docker_image
HG004	ONT	30x	HG004.ont.30x	hg38	VG Giraffe	vg-ont	vg-ont	vg-ont	cram/HG004.ont.30x.hg38.vg-ont.cram.stats	cram/HG004.ont.30x.hg38.vg-ont.cram	7046468	6616356	430112	93.896063	94928	1.434747	NA	NA	0	0	0	0	93459874103	89347659978	87357823095	95.600022	1782054868	0.020399	2.039949	135314123	178741299	330638578	442191919	154.8964	204.608234	NA	NA	13263	1700750	NA	NA	NA	NA	NA	NA	NA	NA	16	NA	NA	NA	NA	NO	mapq_mean,mapq_median,soft_clipped_bases,soft_clipped_percent,mean_coverage,median_coverage,breadth_1x_percent,breadth_10x_percent,breadth_20x_percent,breadth_30x_percent,runtime_seconds,peak_ram_mb,aligner_version,samtools_version,aligner_docker_image,samtools_docker_image
HG004	PacBio	1k	HG004.pb.1k	hg38	VACMap	vacmap-pb	vacmap-pb	vacmap-pb	cram/HG004.pb.1k.hg38.vacmap-pb.cram.stats	cram/HG004.pb.1k.hg38.vacmap-pb.cram	1000	1000	0	100	173	17.3	42.99	60	0	0	568	56.8	14370953	14370953	14340135	100	92412	0.006444	0.644429	11892	11576	17191	20923	82.92809	80.724484	NA	NA	14371	32998	NA	NA	NA	NA	NA	NA	NA	NA	16	NA	NA	NA	NA	NO	soft_clipped_bases,soft_clipped_percent,mean_coverage,median_coverage,breadth_1x_percent,breadth_10x_percent,breadth_20x_percent,breadth_30x_percent,runtime_seconds,peak_ram_mb,aligner_version,samtools_version,aligner_docker_image,samtools_docker_image
HG004	PacBio	30x	HG004.pb.30x	hg38	minimap2	map-hifi	mm2-pb	mm2-pb	samtools_stats_30x_Christian/HG004_pb_30x.hg38.mm2-pb.cram.stats.SN.txt	NA	6491546	6477717	13829	99.786969	9167	0.141516	NA	NA	1257655	19.415096	227070	3.505402	93684058210	93543426134	93484009557	99.849887	1192442444	0.012756	1.275558	77346513	71071516	173526310	170046945	82.737693	76.025318	NA	NA	14432	46029	NA	NA	NA	NA	NA	NA	NA	NA	64	NA	NA	NA	NA	NO	mapq_mean,mapq_median,insertion_events,deletion_events,inserted_bases,deleted_bases,insertion_events_per_100kb,deletion_events_per_100kb,soft_clipped_bases,soft_clipped_percent,mean_coverage,median_coverage,breadth_1x_percent,breadth_10x_percent,breadth_20x_percent,breadth_30x_percent,runtime_seconds,peak_ram_mb,aligner_version,samtools_version,aligner_docker_image,samtools_docker_image
HG004	PacBio	30x	HG004.pb.30x	hg38	pbmm2	CCS/HIFI	pbmm2-pb	pbmm2-pb	samtools_stats_30x_Christian/HG004_pb_30x.hg38.pbmm2-pb.cram.stats.SN.txt	NA	6491546	6489571	1975	99.969576	9274	0.142906	NA	NA	0	0	328462	5.061382	93684058210	93665424495	93277553639	99.98011	1057309585	0.011335	1.133509	77121743	71118305	173132353	167694362	82.679852	76.24375	NA	NA	14432	46029	NA	NA	NA	NA	NA	NA	NA	NA	64	NA	NA	NA	NA	NO	mapq_mean,mapq_median,insertion_events,deletion_events,inserted_bases,deleted_bases,insertion_events_per_100kb,deletion_events_per_100kb,soft_clipped_bases,soft_clipped_percent,mean_coverage,median_coverage,breadth_1x_percent,breadth_10x_percent,breadth_20x_percent,breadth_30x_percent,runtime_seconds,peak_ram_mb,aligner_version,samtools_version,aligner_docker_image,samtools_docker_image
HG004	PacBio	30x	HG004.pb.30x	hg38	VACMap	vacmap-pb	vacmap-pb	vacmap-pb	cram/HG004.pb.30x.hg38.vacmap-pb.cram.stats	cram/HG004.pb.30x.hg38.vacmap-pb.cram	6465579	6465579	0	100	65151	1.007659	58.976365	60	0	0	2768002	42.811355	93391532444	93391532444	93234395565	100	595946684	0.006392	0.639192	76420235	71847081	113841627	129459951	81.965711	77.060703	NA	NA	14444	46029	NA	NA	NA	NA	NA	NA	NA	NA	16	NA	NA	NA	NA	NO	soft_clipped_bases,soft_clipped_percent,mean_coverage,median_coverage,breadth_1x_percent,breadth_10x_percent,breadth_20x_percent,breadth_30x_percent,runtime_seconds,peak_ram_mb,aligner_version,samtools_version,aligner_docker_image,samtools_docker_image
HG004	PacBio	30x	HG004.pb.30x	hg38	VG Giraffe	vg-pb	vg-pb	vg-pb	cram/HG004.pb.30x.hg38.vg-pb.cram.stats	cram/HG004.pb.30x.hg38.vg-pb.cram	6491546	6474250	17296	99.733561	20138	0.311048	NA	NA	0	0	0	0	93684058210	93479245879	92825159183	99.78138	933595539	0.010058	1.005757	80757772	75230355	200119361	189770008	86.999875	81.045221	NA	NA	14431	46029	NA	NA	NA	NA	NA	NA	NA	NA	16	NA	NA	NA	NA	NO	mapq_mean,mapq_median,soft_clipped_bases,soft_clipped_percent,mean_coverage,median_coverage,breadth_1x_percent,breadth_10x_percent,breadth_20x_percent,breadth_30x_percent,runtime_seconds,peak_ram_mb,aligner_version,samtools_version,aligner_docker_image,samtools_docker_image
